<?xml version="1.0" encoding="UTF-8"?>
<project-private xmlns="http://www.netbeans.org/ns/project-private/1">
    <editor-bookmarks xmlns="http://www.netbeans.org/ns/editor-bookmarks/2" lastBookmarkId="0"/>
    <open-files xmlns="http://www.netbeans.org/ns/projectui-open-files/2">
        <group>
            <file>file:/E:/java%20project/banking%20system/web/login-page.html</file>
            <file>file:/E:/java%20project/banking%20system/src/java/loginpage.java</file>
            <file>file:/E:/java%20project/banking%20system/web/reg-form1.html</file>
            <file>file:/E:/java%20project/banking%20system/web/view-account.html</file>
            <file>file:/E:/java%20project/banking%20system/web/balance_check.jsp</file>
            <file>file:/E:/java%20project/banking%20system/src/java/viewaccount.java</file>
            <file>file:/E:/java%20project/banking%20system/src/java/depositmoney.java</file>
            <file>file:/E:/java%20project/banking%20system/web/withdraw-money.html</file>
            <file>file:/E:/java%20project/banking%20system/src/java/regform10.java</file>
            <file>file:/E:/java%20project/banking%20system/web/index.html</file>
            <file>file:/E:/java%20project/banking%20system/web/deposit-money.html</file>
        </group>
    </open-files>
</project-private>
